2011 super output area - middle layer,All usual residents,Density (number of persons per hectare)
E02000166  Camden 001,7924,26.2
E02000167  Camden 002,7944,38.2
E02000168  Camden 003,8172,120.1
E02000169  Camden 004,7637,68
E02000170  Camden 005,8338,108.1
E02000171  Camden 006,7818,149.9
E02000172  Camden 007,10147,151.7
E02000173  Camden 008,7675,98.6
E02000174  Camden 009,8714,159.7
E02000175  Camden 010,8848,127.9
E02000176  Camden 011,6373,160.2
E02000177  Camden 012,8948,170.9
E02000178  Camden 013,8857,157.7
E02000179  Camden 014,6329,165.5
E02000180  Camden 015,8202,169
E02000181  Camden 016,7708,142.5
E02000182  Camden 017,6697,83.9
E02000183  Camden 018,7913,102.5
E02000184  Camden 019,8882,133.6
E02000185  Camden 020,8290,175.6
E02000186  Camden 021,6687,66.7
E02000187  Camden 022,8155,84.2
E02000188  Camden 023,8322,163.9
E02000189  Camden 024,5944,199.7
E02000190  Camden 025,7530,203.2
E02000191  Camden 026,7497,116.8
E02000192  Camden 027,7157,165.5
E02000193  Camden 028,7630,70.1
E02000001  City of London 001,7375,25.5
E02000345  Hackney 001,8838,144.4
E02000346  Hackney 002,6092,104.6
E02000347  Hackney 003,7956,116
E02000348  Hackney 004,8120,145.4
E02000350  Hackney 006,9502,167.7
E02000351  Hackney 007,8523,163.1
E02000352  Hackney 008,6883,90.2
E02000353  Hackney 009,7786,139.4
E02000354  Hackney 010,9502,119.8
E02000355  Hackney 011,8485,129.3
E02000356  Hackney 012,7346,182.3
E02000357  Hackney 013,6339,41.6
E02000358  Hackney 014,11058,179.4
E02000359  Hackney 015,6581,150.7
E02000360  Hackney 016,11292,206.7
E02000361  Hackney 017,7640,128.6
E02000362  Hackney 018,6363,49.1
E02000363  Hackney 019,10845,181.8
E02000364  Hackney 020,8867,133.5
E02000365  Hackney 021,12764,132.3
E02000366  Hackney 022,8514,132.3
E02000367  Hackney 023,9741,131.8
E02000368  Hackney 024,9614,151.5
E02000369  Hackney 025,11594,178.3
E02000370  Hackney 026,8301,170.1
E02000371  Hackney 027,12369,124
E02006918  Hackney 028,7611,146.7
E02006921  Hackney 029,7744,171
E02000372  Hammersmith and Fulham 001,9175,26.7
E02000373  Hammersmith and Fulham 002,6658,163.3
E02000374  Hammersmith and Fulham 003,6731,135.5
E02000375  Hammersmith and Fulham 004,7028,93.9
E02000376  Hammersmith and Fulham 005,6915,168.7
E02000377  Hammersmith and Fulham 006,8169,184.2
E02000378  Hammersmith and Fulham 007,6534,222.1
E02000379  Hammersmith and Fulham 008,7581,111.7
E02000380  Hammersmith and Fulham 009,5863,166.4
E02000381  Hammersmith and Fulham 010,7768,140.5
E02000382  Hammersmith and Fulham 011,6167,100
E02000383  Hammersmith and Fulham 012,9432,157.1
E02000384  Hammersmith and Fulham 013,7320,93.6
E02000385  Hammersmith and Fulham 014,6162,154.1
E02000386  Hammersmith and Fulham 015,8136,186
E02000387  Hammersmith and Fulham 016,6272,153.8
E02000388  Hammersmith and Fulham 017,8202,154.3
E02000389  Hammersmith and Fulham 018,8255,131.4
E02000390  Hammersmith and Fulham 019,6448,185.4
E02000391  Hammersmith and Fulham 020,7729,116.2
E02000392  Hammersmith and Fulham 021,9578,173.1
E02000393  Hammersmith and Fulham 022,6031,169.4
E02000394  Hammersmith and Fulham 023,7755,117.8
E02000395  Hammersmith and Fulham 024,5951,61.4
E02000396  Hammersmith and Fulham 025,6633,106.1
E02000397  Haringey 001,7815,138.6
E02000398  Haringey 002,7123,59.8
E02000400  Haringey 004,7668,57.5
E02000401  Haringey 005,6734,90.2
E02000402  Haringey 006,6697,70.5
E02000403  Haringey 007,7199,84.6
E02000404  Haringey 008,7315,114.1
E02000405  Haringey 009,6548,36.7
E02000406  Haringey 010,7025,153.4
E02000407  Haringey 011,7312,140.1
E02000408  Haringey 012,7612,147
E02000409  Haringey 013,6527,94
E02000410  Haringey 014,6693,89
E02000411  Haringey 015,7452,53.5
E02000412  Haringey 016,6914,89.6
E02000413  Haringey 017,7500,61.5
E02000414  Haringey 018,7171,175.2
E02000415  Haringey 019,6845,97.2
E02000416  Haringey 020,7490,119.1
E02000417  Haringey 021,6676,63
E02000418  Haringey 022,5509,77.2
E02000419  Haringey 023,8108,126.3
E02000420  Haringey 024,7432,128.8
E02000421  Haringey 025,7148,91.2
E02000422  Haringey 026,7825,144.2
E02000423  Haringey 027,6813,122.8
E02000424  Haringey 028,7198,108.1
E02000425  Haringey 029,7256,134.1
E02000426  Haringey 030,6731,30.2
E02000427  Haringey 031,6854,63.8
E02000428  Haringey 032,7022,117.7
E02000429  Haringey 033,6852,69.9
E02000430  Haringey 034,7417,112.6
E02000431  Haringey 035,6685,109.6
E02000432  Haringey 036,6454,120.4
E02006794  Haringey 037,7306,105.4
E02000554  Islington 001,9182,144.1
E02000555  Islington 002,9408,157.8
E02000556  Islington 003,10008,153.7
E02000557  Islington 004,8124,114.7
E02000558  Islington 005,8870,184.3
E02000559  Islington 006,8778,152.2
E02000560  Islington 007,7076,140.6
E02000561  Islington 008,7746,126.3
E02000562  Islington 009,7934,122.4
E02000563  Islington 010,8486,146.4
E02000564  Islington 011,10488,129.9
E02000565  Islington 012,8187,159.7
E02000566  Islington 013,8164,116.6
E02000567  Islington 014,10358,155.9
E02000568  Islington 015,9625,106.6
E02000569  Islington 016,10022,143.1
E02000570  Islington 017,8615,143.3
E02000571  Islington 018,8031,161.3
E02000572  Islington 019,8571,186.9
E02000573  Islington 020,8674,119.6
E02000574  Islington 021,8501,139.8
E02000575  Islington 022,11889,127.9
E02000576  Islington 023,9388,124.2
E02000577  Kensington and Chelsea 001,7199,82.6
E02000578  Kensington and Chelsea 002,5798,112.9
E02000579  Kensington and Chelsea 003,8616,141.1
E02000580  Kensington and Chelsea 004,8655,218.5
E02000581  Kensington and Chelsea 005,7298,169.2
E02000582  Kensington and Chelsea 006,7659,157
E02000583  Kensington and Chelsea 007,7303,126.9
E02000584  Kensington and Chelsea 008,8178,89.7
E02000585  Kensington and Chelsea 009,8384,92.4
E02000586  Kensington and Chelsea 010,7769,147.9
E02000587  Kensington and Chelsea 011,7523,144
E02000588  Kensington and Chelsea 012,8159,106.4
E02000589  Kensington and Chelsea 013,8444,227.7
E02000590  Kensington and Chelsea 014,7015,152.3
E02000591  Kensington and Chelsea 015,6769,187.6
E02000592  Kensington and Chelsea 016,6761,119.2
E02000593  Kensington and Chelsea 017,7624,153
E02000594  Kensington and Chelsea 018,7252,93.7
E02000595  Kensington and Chelsea 019,7331,115.4
E02000596  Kensington and Chelsea 020,7782,142.1
E02000597  Kensington and Chelsea 021,7130,180.5
E02000619  Lambeth 002,8054,146.9
E02000620  Lambeth 003,9370,129
E02000621  Lambeth 004,10429,143.1
E02000622  Lambeth 005,8094,104
E02000623  Lambeth 006,7990,174.2
E02000624  Lambeth 007,7976,138.6
E02000625  Lambeth 008,8361,150.6
E02000626  Lambeth 009,8301,149.4
E02000627  Lambeth 010,9571,181.9
E02000628  Lambeth 011,9731,148.4
E02000629  Lambeth 012,9033,140.8
E02000630  Lambeth 013,7266,107.1
E02000631  Lambeth 014,8832,83
E02000632  Lambeth 015,9516,180.2
E02000633  Lambeth 016,8642,136.9
E02000634  Lambeth 017,6846,131.4
E02000635  Lambeth 018,9157,73.7
E02000636  Lambeth 019,7639,82.7
E02000637  Lambeth 020,8687,148.7
E02000638  Lambeth 021,9898,144.5
E02000639  Lambeth 022,8119,139
E02000640  Lambeth 023,9123,111.5
E02000641  Lambeth 024,8779,143.9
E02000642  Lambeth 025,9628,88.8
E02000643  Lambeth 026,8369,119.4
E02000644  Lambeth 027,8620,95.3
E02000645  Lambeth 028,9020,79.6
E02000646  Lambeth 029,9121,96.2
E02000647  Lambeth 030,8483,87.7
E02000648  Lambeth 031,7791,110.6
E02000649  Lambeth 032,11181,108
E02000650  Lambeth 033,7424,96.2
E02000651  Lambeth 034,8591,76.7
E02000652  Lambeth 035,7363,107.1
E02006801  Lambeth 036,8081,70.8
E02000653  Lewisham 001,8544,126.3
E02000654  Lewisham 002,8059,85.2
E02000655  Lewisham 003,8208,83.9
E02000657  Lewisham 005,9078,103.9
E02000658  Lewisham 006,8314,107.4
E02000659  Lewisham 007,7697,75
E02000660  Lewisham 008,8078,99.4
E02000661  Lewisham 009,6342,49.3
E02000662  Lewisham 010,8100,105.2
E02000663  Lewisham 011,7194,109.6
E02000664  Lewisham 012,9928,70.2
E02000665  Lewisham 013,7916,98.9
E02000666  Lewisham 014,7321,76.9
E02000667  Lewisham 015,6534,89.8
E02000668  Lewisham 016,6657,66
E02000669  Lewisham 017,7518,117
E02000670  Lewisham 018,6539,105.2
E02000671  Lewisham 019,8403,84.5
E02000672  Lewisham 020,8377,72.3
E02000673  Lewisham 021,8007,75.5
E02000674  Lewisham 022,8015,98
E02000675  Lewisham 023,8204,57.2
E02000676  Lewisham 024,7713,103.4
E02000677  Lewisham 025,7199,68.5
E02000678  Lewisham 026,6087,58.9
E02000679  Lewisham 027,7905,84.2
E02000680  Lewisham 028,6847,89.2
E02000681  Lewisham 029,8094,59.8
E02000682  Lewisham 030,8162,68.6
E02000683  Lewisham 031,6444,67.2
E02000685  Lewisham 033,7679,79.4
E02000686  Lewisham 034,6681,38.6
E02000687  Lewisham 035,7926,102
E02006783  Lewisham 037,7208,76.8
E02006784  Lewisham 038,7359,51
E02006798  Lewisham 039,7548,91.9
E02000714  Newham 001,8133,148
E02000715  Newham 002,7381,172.9
E02000716  Newham 003,7354,47
E02000717  Newham 004,8101,162.4
E02000718  Newham 005,6844,109.5
E02000719  Newham 006,8216,118.3
E02000720  Newham 007,7483,142.6
E02000721  Newham 008,9665,163.9
E02000722  Newham 009,8226,181.9
E02000723  Newham 010,10600,149.3
E02000724  Newham 011,9415,189.4
E02000725  Newham 012,8876,111.9
E02000726  Newham 013,8892,26.2
E02000727  Newham 014,8305,210.4
E02000728  Newham 015,8227,125.5
E02000729  Newham 016,7080,100.5
E02000730  Newham 017,8992,178.6
E02000731  Newham 018,10073,173.4
E02000732  Newham 019,7566,171.4
E02000733  Newham 020,9754,131.8
E02000734  Newham 021,7642,200.9
E02000735  Newham 022,7582,138.3
E02000736  Newham 023,8571,68.3
E02000737  Newham 024,9434,112.2
E02000738  Newham 025,8467,184.3
E02000739  Newham 026,6894,152.1
E02000740  Newham 027,6779,53.7
E02000741  Newham 028,8261,109.3
E02000742  Newham 029,8005,101.2
E02000743  Newham 030,7866,125.4
E02000744  Newham 031,8029,134.2
E02000745  Newham 032,8141,112.5
E02000746  Newham 033,7382,17.5
E02000747  Newham 034,10646,56.1
E02000748  Newham 035,6240,46.9
E02000749  Newham 036,8183,57.7
E02000750  Newham 037,10679,32.3
E02000807  Southwark 001,8313,116.8
E02000808  Southwark 002,9102,87
E02000809  Southwark 003,11711,152.9
E02000810  Southwark 004,9144,133.2
E02000812  Southwark 006,10290,146.6
E02000813  Southwark 007,8591,96.1
E02000814  Southwark 008,8652,88
E02000815  Southwark 009,6497,154.4
E02000816  Southwark 010,9043,119.1
E02000817  Southwark 011,6494,98.1
E02000818  Southwark 012,7534,128.9
E02000819  Southwark 013,8315,154.9
E02000820  Southwark 014,8503,189
E02000821  Southwark 015,8386,116.7
E02000822  Southwark 016,8111,169.3
E02000823  Southwark 017,7733,120.1
E02000824  Southwark 018,9568,98.4
E02000825  Southwark 019,9649,181
E02000826  Southwark 020,8888,161.7
E02000827  Southwark 021,10359,152.1
E02000828  Southwark 022,8383,131.8
E02000829  Southwark 023,10389,131.2
E02000830  Southwark 024,8870,106.1
E02000831  Southwark 025,9378,116.4
E02000832  Southwark 026,9960,117.8
E02000833  Southwark 027,7755,93.9
E02000834  Southwark 028,9199,75.8
E02000835  Southwark 029,7236,49.6
E02000836  Southwark 030,8240,109
E02000837  Southwark 031,9085,38.2
E02000838  Southwark 032,9180,85.8
E02000839  Southwark 033,8036,29.1
E02006802  Southwark 034,7689,111.5
E02000864  Tower Hamlets 001,8297,65.8
E02000865  Tower Hamlets 002,7051,152.1
E02000866  Tower Hamlets 003,9662,85.2
E02000867  Tower Hamlets 004,9761,120.6
E02000868  Tower Hamlets 005,6632,184.6
E02000869  Tower Hamlets 006,5705,177
E02000870  Tower Hamlets 007,6477,164
E02000871  Tower Hamlets 008,8591,128.4
E02000872  Tower Hamlets 009,7501,164.3
E02000873  Tower Hamlets 010,8713,172.6
E02000874  Tower Hamlets 011,7129,207.9
E02000875  Tower Hamlets 012,9440,141.4
E02000876  Tower Hamlets 013,7037,130.7
E02000877  Tower Hamlets 014,9803,121.3
E02000878  Tower Hamlets 015,10286,161.1
E02000879  Tower Hamlets 016,7634,172
E02000880  Tower Hamlets 017,5776,155.1
E02000881  Tower Hamlets 018,6909,98
E02000882  Tower Hamlets 019,8604,149.8
E02000883  Tower Hamlets 020,7950,168.1
E02000884  Tower Hamlets 021,9086,166.6
E02000885  Tower Hamlets 022,6895,204.1
E02000886  Tower Hamlets 023,7326,149.7
E02000887  Tower Hamlets 024,8660,148.6
E02000888  Tower Hamlets 025,8215,155.9
E02000889  Tower Hamlets 026,6616,114.1
E02000890  Tower Hamlets 027,5795,103
E02000891  Tower Hamlets 028,12678,83.1
E02000893  Tower Hamlets 030,6783,94.4
E02000894  Tower Hamlets 031,10137,185
E02006853  Tower Hamlets 032,7064,141.4
E02006854  Tower Hamlets 033,5883,64.4
E02000923  Wandsworth 001,7474,69.8
E02000924  Wandsworth 002,11131,55
E02000925  Wandsworth 003,7848,177.6
E02000926  Wandsworth 004,8936,141.9
E02000927  Wandsworth 005,6790,150.9
E02000928  Wandsworth 006,8458,90
E02000929  Wandsworth 007,7277,180.6
E02000930  Wandsworth 008,9676,119.4
E02000931  Wandsworth 009,8474,106.5
E02000932  Wandsworth 010,10296,81.3
E02000933  Wandsworth 011,8781,81.7
E02000934  Wandsworth 012,9105,116
E02000935  Wandsworth 013,6850,48
E02000936  Wandsworth 014,8330,92.4
E02000937  Wandsworth 015,7724,62.6
E02000938  Wandsworth 016,9546,54.2
E02000939  Wandsworth 017,7968,109.4
E02000940  Wandsworth 018,7835,111.8
E02000941  Wandsworth 019,9941,93.7
E02000942  Wandsworth 020,9665,95.6
E02000943  Wandsworth 021,8402,119.1
E02000944  Wandsworth 022,7206,123
E02000945  Wandsworth 023,7620,34.5
E02000946  Wandsworth 024,8795,82.5
E02000947  Wandsworth 025,8675,104.2
E02000948  Wandsworth 026,9877,74.4
E02000949  Wandsworth 027,9805,70.1
E02000950  Wandsworth 028,7578,88.2
E02000951  Wandsworth 029,6650,135.3
E02000952  Wandsworth 030,6257,112
E02000953  Wandsworth 031,7084,102.9
E02000954  Wandsworth 032,6429,142.8
E02000955  Wandsworth 033,6714,119.7
E02000956  Wandsworth 034,7705,89.9
E02000957  Wandsworth 035,10589,142.4
E02000958  Wandsworth 036,8271,92.8
E02000959  Wandsworth 037,7233,138.5
E02000960  Westminster 001,6620,71.8
E02000961  Westminster 002,9442,116.2
E02000962  Westminster 003,8624,124.3
E02000963  Westminster 004,10363,212.9
E02000964  Westminster 005,12549,246.7
E02000965  Westminster 006,8627,175.6
E02000966  Westminster 007,9708,173.3
E02000967  Westminster 008,7289,51.5
E02000968  Westminster 009,14358,235.9
E02000969  Westminster 010,9329,171.8
E02000970  Westminster 011,8983,82.9
E02000971  Westminster 012,8408,155.5
E02000972  Westminster 013,8333,64.5
E02000973  Westminster 014,10090,186
E02000974  Westminster 015,8794,127.6
E02000975  Westminster 016,8757,180.8
E02000976  Westminster 017,9946,215.4
E02000977  Westminster 018,7490,29.8
E02000978  Westminster 019,9270,25.8
E02000979  Westminster 020,8081,58.1
E02000980  Westminster 021,8684,193.7
E02000981  Westminster 022,8991,247.2
E02000982  Westminster 023,8226,126
E02000983  Westminster 024,8434,223.4
E02000002  Barking and Dagenham 001,6775,31.3
E02000003  Barking and Dagenham 002,10045,46.9
E02000004  Barking and Dagenham 003,6182,24.8
E02000005  Barking and Dagenham 004,8562,72.1
E02000007  Barking and Dagenham 006,8791,50.6
E02000008  Barking and Dagenham 007,11569,81.5
E02000009  Barking and Dagenham 008,8395,87.4
E02000010  Barking and Dagenham 009,8615,76.8
E02000011  Barking and Dagenham 010,6187,38.8
E02000012  Barking and Dagenham 011,9888,76
E02000013  Barking and Dagenham 012,8402,64.4
E02000014  Barking and Dagenham 013,9402,78.8
E02000015  Barking and Dagenham 014,7563,55.5
E02000016  Barking and Dagenham 015,7676,86.6
E02000017  Barking and Dagenham 016,8498,97
E02000018  Barking and Dagenham 017,8890,65.5
E02000019  Barking and Dagenham 018,8276,27.2
E02000020  Barking and Dagenham 019,9276,27.1
E02000021  Barking and Dagenham 020,7904,27.4
E02000022  Barking and Dagenham 021,8777,117.2
E02000023  Barking and Dagenham 022,6482,37.1
E02006799  Barking and Dagenham 023,9756,83.8
E02000024  Barnet 001,10156,27.1
E02000025  Barnet 002,7956,33.1
E02000026  Barnet 003,6313,43.1
E02000027  Barnet 004,9598,57.3
E02000028  Barnet 005,6166,58.4
E02000029  Barnet 006,8517,50.6
E02000030  Barnet 007,9130,6.3
E02000031  Barnet 008,7294,37.6
E02000032  Barnet 009,7857,56.2
E02000033  Barnet 010,8537,48.1
E02000034  Barnet 011,8508,54.6
E02000035  Barnet 012,7965,61.4
E02000036  Barnet 013,10743,59.9
E02000037  Barnet 014,9741,22.5
E02000038  Barnet 015,10514,59.7
E02000039  Barnet 016,6675,31.3
E02000040  Barnet 017,7197,14
E02000041  Barnet 018,8811,65.3
E02000042  Barnet 019,10639,87.7
E02000043  Barnet 020,7696,52.4
E02000044  Barnet 021,8071,72.9
E02000045  Barnet 022,10237,59
E02000046  Barnet 023,7063,72.9
E02000047  Barnet 024,11373,80
E02000048  Barnet 025,9817,31.8
E02000049  Barnet 026,8503,107.9
E02000050  Barnet 027,10064,47.5
E02000051  Barnet 028,8647,59.7
E02000052  Barnet 029,9698,100.1
E02000053  Barnet 030,8697,56.1
E02000054  Barnet 031,7206,48
E02000055  Barnet 032,11130,77.3
E02000056  Barnet 033,9212,28.5
E02000057  Barnet 034,7484,68.4
E02000058  Barnet 035,10220,56.4
E02000059  Barnet 036,10459,47.7
E02000060  Barnet 037,10920,88.6
E02000061  Barnet 038,8013,50.5
E02000062  Barnet 039,6340,34.5
E02000063  Barnet 040,6971,67.2
E02000064  Barnet 041,6248,78.7
E02000065  Bexley 001,7666,23.9
E02000066  Bexley 002,9641,61.3
E02000067  Bexley 003,8750,37.8
E02000068  Bexley 004,7388,32.5
E02000069  Bexley 005,6194,42.7
E02000070  Bexley 006,7875,42.4
E02000071  Bexley 007,7300,61.9
E02000072  Bexley 008,11734,26.8
E02000073  Bexley 009,10724,67
E02000074  Bexley 010,7655,67.8
E02000075  Bexley 011,7948,51.8
E02000077  Bexley 013,7823,70
E02000078  Bexley 014,7665,51.5
E02000079  Bexley 015,7865,47.7
E02000080  Bexley 016,9430,55.7
E02000081  Bexley 017,7513,34.1
E02000082  Bexley 018,8876,59.3
E02000083  Bexley 019,9771,26.1
E02000084  Bexley 020,10641,41
E02000085  Bexley 021,7893,48.6
E02000086  Bexley 022,7328,49.2
E02000087  Bexley 023,7579,20.4
E02000088  Bexley 024,7737,38.7
E02000089  Bexley 025,7783,56.9
E02000090  Bexley 026,8726,48.2
E02000091  Bexley 027,9682,35.4
E02000092  Bexley 028,6426,10.7
E02006785  Bexley 029,6384,46.9
E02000093  Brent 001,10883,79
E02000094  Brent 002,8746,75.2
E02000095  Brent 003,9921,64.1
E02000096  Brent 004,7598,46.5
E02000097  Brent 005,8958,47.9
E02000098  Brent 006,7944,43.2
E02000099  Brent 007,8707,67.6
E02000100  Brent 008,8388,40.4
E02000101  Brent 009,9332,66.5
E02000102  Brent 010,7787,57.3
E02000103  Brent 011,8723,49.2
E02000104  Brent 012,6767,61.1
E02000105  Brent 013,9202,67.2
E02000106  Brent 014,10217,76.2
E02000107  Brent 015,10692,112
E02000108  Brent 016,6584,81
E02000109  Brent 017,9864,50.8
E02000110  Brent 018,8087,101.2
E02000111  Brent 019,9782,86.7
E02000112  Brent 020,9432,74.3
E02000113  Brent 021,9655,65.1
E02000114  Brent 022,9010,146.9
E02000115  Brent 023,8340,98.3
E02000116  Brent 024,8153,74.4
E02000117  Brent 025,12013,135
E02000118  Brent 026,9425,76.4
E02000119  Brent 027,7248,28.2
E02000120  Brent 028,9214,182.1
E02000121  Brent 029,8933,64
E02000122  Brent 030,8079,67.2
E02000123  Brent 031,14719,142.2
E02000124  Brent 032,10222,93.2
E02000125  Brent 033,10815,141.2
E02000126  Brent 034,7775,177.6
E02000127  Bromley 001,8483,38.1
E02000128  Bromley 002,7294,28.8
E02000130  Bromley 004,7914,53.3
E02000131  Bromley 005,8954,50.7
E02000132  Bromley 006,8567,49.3
E02000133  Bromley 007,9606,16.1
E02000134  Bromley 008,10773,55.7
E02000135  Bromley 009,9734,84.1
E02000136  Bromley 010,5728,12.6
E02000137  Bromley 011,7826,42
E02000138  Bromley 012,7936,38.1
E02000139  Bromley 013,7284,47.4
E02000140  Bromley 014,8041,42.6
E02000141  Bromley 015,6940,74.4
E02000142  Bromley 016,8285,46.6
E02000144  Bromley 018,8681,43.7
E02000145  Bromley 019,8086,7.2
E02000146  Bromley 020,8324,46.2
E02000147  Bromley 021,7969,35.4
E02000148  Bromley 022,6585,23.5
E02000149  Bromley 023,7708,41
E02000150  Bromley 024,8351,27.1
E02000151  Bromley 025,7574,36
E02000152  Bromley 026,6572,25.5
E02000153  Bromley 027,7755,34.5
E02000154  Bromley 028,7959,38.1
E02000155  Bromley 029,6905,38
E02000156  Bromley 030,12094,31.5
E02000157  Bromley 031,7964,32.5
E02000158  Bromley 032,7364,34.1
E02000159  Bromley 033,6812,11.6
E02000160  Bromley 034,7856,9.3
E02000161  Bromley 035,8410,48.9
E02000162  Bromley 036,6693,5.2
E02000163  Bromley 037,7650,6.8
E02000165  Bromley 039,7045,12.4
E02006782  Bromley 040,7648,29.4
E02006787  Bromley 041,7594,50.4
E02006789  Bromley 042,6428,2.9
E02000194  Croydon 001,8696,62.5
E02000195  Croydon 002,9152,47.3
E02000196  Croydon 003,7403,60.4
E02000197  Croydon 004,9094,91.6
E02000198  Croydon 005,8070,90.5
E02000199  Croydon 006,8430,97.7
E02000200  Croydon 007,8294,66.5
E02000201  Croydon 008,8281,96.4
E02000202  Croydon 009,8548,116.3
E02000203  Croydon 010,7539,97.5
E02000204  Croydon 011,9407,86.6
E02000206  Croydon 013,9539,65.3
E02000207  Croydon 014,8999,72.5
E02000208  Croydon 015,9790,111.8
E02000209  Croydon 016,8414,83.9
E02000210  Croydon 017,8310,107.2
E02000211  Croydon 018,8000,47.7
E02000212  Croydon 019,8523,68.7
E02000213  Croydon 020,9551,92.6
E02000214  Croydon 021,6236,60.5
E02000215  Croydon 022,10518,106.6
E02000216  Croydon 023,6738,30.8
E02000217  Croydon 024,9688,67.7
E02000218  Croydon 025,6640,58.3
E02000219  Croydon 026,7686,13.5
E02000220  Croydon 027,9881,66.1
E02000221  Croydon 028,9820,35
E02000222  Croydon 029,7891,42.4
E02000223  Croydon 030,8371,87.1
E02000224  Croydon 031,7684,60
E02000225  Croydon 032,7535,46.2
E02000226  Croydon 033,7539,23
E02000227  Croydon 034,11411,24.8
E02000228  Croydon 035,7609,24.3
E02000229  Croydon 036,6374,48.3
E02000230  Croydon 037,10045,38.4
E02000231  Croydon 038,7685,22.9
E02000232  Croydon 039,6207,14.2
E02000233  Croydon 040,6135,38.7
E02000234  Croydon 041,8023,25.8
E02000235  Croydon 042,6968,12.9
E02000236  Croydon 043,7659,21.4
E02000237  Croydon 044,7475,15.1
E02006788  Croydon 045,7520,54
E02000238  Ealing 001,9500,62.4
E02000239  Ealing 002,9000,38.2
E02000240  Ealing 003,10265,59.4
E02000241  Ealing 004,6639,50.9
E02000242  Ealing 005,6763,76.1
E02000243  Ealing 006,8509,29.9
E02000244  Ealing 007,7172,39.9
E02000245  Ealing 008,8156,49.3
E02000246  Ealing 009,8748,42.5
E02000247  Ealing 010,10308,73.7
E02000248  Ealing 011,7334,42.5
E02000249  Ealing 012,7721,60.4
E02000250  Ealing 013,6487,65
E02000251  Ealing 014,7944,84
E02000252  Ealing 015,9706,30.4
E02000253  Ealing 016,9632,83.3
E02000254  Ealing 017,8949,86
E02000255  Ealing 018,9465,61.1
E02000256  Ealing 019,8861,80.8
E02000257  Ealing 020,13509,61.9
E02000258  Ealing 021,6730,65.2
E02000259  Ealing 022,6276,49.1
E02000260  Ealing 023,8710,80.2
E02000261  Ealing 024,10766,82.5
E02000262  Ealing 025,8925,126.2
E02000263  Ealing 026,11637,94.2
E02000264  Ealing 027,8103,56.4
E02000265  Ealing 028,11119,109.7
E02000266  Ealing 029,12331,31.9
E02000267  Ealing 030,6926,91.9
E02000268  Ealing 031,9358,70.6
E02000269  Ealing 032,8078,91.3
E02000270  Ealing 033,8043,101
E02000271  Ealing 034,6763,90.5
E02000272  Ealing 035,6748,56.3
E02000274  Ealing 037,12733,88.7
E02000275  Ealing 038,7102,60.6
E02000276  Ealing 039,6722,79.9
E02006791  Ealing 040,6711,97.9
E02000277  Enfield 001,7081,67.6
E02000278  Enfield 002,8837,67.2
E02000279  Enfield 003,11292,43.3
E02000280  Enfield 004,8515,5.5
E02000281  Enfield 005,8835,46.6
E02000282  Enfield 006,9115,72.2
E02000283  Enfield 007,8424,73.9
E02000284  Enfield 008,8200,63.9
E02000285  Enfield 009,6597,67
E02000286  Enfield 010,8158,39.8
E02000287  Enfield 011,6823,7.7
E02000288  Enfield 012,10490,49.6
E02000289  Enfield 013,6569,19.3
E02000290  Enfield 014,7242,14.8
E02000291  Enfield 015,8924,77.1
E02000292  Enfield 016,9518,50.7
E02000293  Enfield 017,6307,29.2
E02000294  Enfield 018,8879,59.2
E02000295  Enfield 019,8374,51.7
E02000296  Enfield 020,9535,52.9
E02000297  Enfield 021,9298,57.4
E02000298  Enfield 022,7976,39.9
E02000299  Enfield 023,9312,106.2
E02000300  Enfield 024,8157,105
E02000301  Enfield 025,10070,55.2
E02000302  Enfield 026,8326,52.7
E02000303  Enfield 027,8390,67.5
E02000304  Enfield 028,8089,47
E02000305  Enfield 029,8633,89.8
E02000306  Enfield 030,9149,43.8
E02000307  Enfield 031,9873,89.3
E02000308  Enfield 032,7736,67.4
E02000309  Enfield 033,10489,64.4
E02000311  Enfield 035,9872,69.7
E02000312  Enfield 036,10473,79.9
E02006793  Enfield 037,8908,89.9
E02000313  Greenwich 001,6566,89.9
E02000314  Greenwich 002,13164,41.3
E02000315  Greenwich 003,9080,76.1
E02000316  Greenwich 004,10750,57
E02000317  Greenwich 005,8370,128.2
E02000318  Greenwich 006,9842,89.1
E02000319  Greenwich 007,10971,118.5
E02000320  Greenwich 008,6624,45.4
E02000321  Greenwich 009,7200,115.7
E02000323  Greenwich 011,10674,140.2
E02000324  Greenwich 012,7315,56.1
E02000326  Greenwich 014,7070,96.8
E02000327  Greenwich 015,6825,36.7
E02000328  Greenwich 016,6606,75.4
E02000329  Greenwich 017,6180,35.1
E02000331  Greenwich 019,7831,78.9
E02000332  Greenwich 020,7253,35.9
E02000333  Greenwich 021,6269,49.7
E02000334  Greenwich 022,6469,46.7
E02000335  Greenwich 023,6549,50.6
E02000337  Greenwich 025,7906,56.5
E02000339  Greenwich 027,5970,47.5
E02000340  Greenwich 028,6088,18.6
E02000341  Greenwich 029,7683,42.9
E02000342  Greenwich 030,6453,47.4
E02000343  Greenwich 031,6675,53.1
E02000344  Greenwich 032,6387,49.4
E02006786  Greenwich 033,6894,55.4
E02006927  Greenwich 034,8315,33
E02006928  Greenwich 035,7341,136
E02006929  Greenwich 036,7490,29.4
E02006930  Greenwich 037,6561,75.6
E02006931  Greenwich 038,9186,46.1
E02000433  Harrow 001,7686,12.2
E02000434  Harrow 002,8588,43.8
E02000435  Harrow 003,7426,41.1
E02000436  Harrow 004,5782,12.2
E02000437  Harrow 005,8377,60
E02000438  Harrow 006,7910,45.2
E02000439  Harrow 007,8206,77.2
E02000440  Harrow 008,9569,64
E02000441  Harrow 009,6714,28.7
E02000442  Harrow 010,8706,76.4
E02000443  Harrow 011,9470,96.8
E02000444  Harrow 012,8499,77.7
E02000445  Harrow 013,10250,81.9
E02000447  Harrow 015,7058,33.2
E02000448  Harrow 016,6641,38.6
E02000449  Harrow 017,8137,88.6
E02000451  Harrow 019,6550,41
E02000452  Harrow 020,8218,73.1
E02000453  Harrow 021,7620,73.7
E02000454  Harrow 022,7082,45.2
E02000455  Harrow 023,8135,66.1
E02000456  Harrow 024,7059,76.3
E02000457  Harrow 025,6314,54.4
E02000459  Harrow 027,8235,68.6
E02000460  Harrow 028,6518,75.3
E02000461  Harrow 029,6947,26.1
E02000462  Harrow 030,6632,66.4
E02000463  Harrow 031,8429,90.7
E02006795  Harrow 032,8124,84.1
E02006882  Harrow 033,14174,66.6
E02000464  Havering 001,6451,11
E02000465  Havering 002,7930,28.3
E02000466  Havering 003,8287,13.2
E02000467  Havering 004,9643,71
E02000468  Havering 005,7782,19
E02000469  Havering 006,6443,37.6
E02000470  Havering 007,7887,11.7
E02000471  Havering 008,7457,34.8
E02000472  Havering 009,8989,58.5
E02000473  Havering 010,9588,33.6
E02000474  Havering 011,8343,37.8
E02000475  Havering 012,9196,32.8
E02000476  Havering 013,8414,53.7
E02000477  Havering 014,9360,53.5
E02000478  Havering 015,5885,23.6
E02000479  Havering 016,8134,59.2
E02000480  Havering 017,9795,29
E02000481  Havering 018,7793,6.4
E02000482  Havering 019,6396,22.6
E02000483  Havering 020,7614,47.5
E02000484  Havering 021,8199,44.3
E02000485  Havering 022,7986,38.1
E02000486  Havering 023,7366,57.8
E02000487  Havering 024,7843,6.1
E02000488  Havering 025,7431,40.6
E02000489  Havering 026,7884,30.3
E02000490  Havering 027,7828,38.2
E02000491  Havering 028,8826,18.4
E02000492  Havering 029,6272,4.5
E02000493  Havering 030,6210,48.2
E02000494  Hillingdon 001,7479,12
E02000495  Hillingdon 002,9473,34.7
E02000496  Hillingdon 003,7399,4.9
E02000497  Hillingdon 004,8529,31.6
E02000498  Hillingdon 005,6020,19.2
E02000499  Hillingdon 006,7765,48.3
E02000500  Hillingdon 007,7714,26.6
E02000501  Hillingdon 008,8247,57.4
E02000502  Hillingdon 009,7613,18.3
E02000503  Hillingdon 010,8986,65.1
E02000504  Hillingdon 011,7382,24.1
E02000506  Hillingdon 013,7541,13.7
E02000507  Hillingdon 014,7943,29.5
E02000508  Hillingdon 015,9184,33.4
E02000509  Hillingdon 016,9823,48.8
E02000510  Hillingdon 017,8634,40.5
E02000511  Hillingdon 018,9426,39.5
E02000512  Hillingdon 019,8001,56.8
E02000513  Hillingdon 020,8980,61
E02000514  Hillingdon 021,9820,81.9
E02000515  Hillingdon 022,10439,33.1
E02000516  Hillingdon 023,8269,50
E02000517  Hillingdon 024,8626,55.8
E02000518  Hillingdon 025,8606,34.1
E02000519  Hillingdon 026,8658,47.7
E02000520  Hillingdon 027,11251,25.8
E02000521  Hillingdon 028,9912,40.4
E02000522  Hillingdon 029,8653,55.1
E02000523  Hillingdon 030,9636,58.5
E02000524  Hillingdon 031,6663,3.2
E02000525  Hillingdon 032,8826,21.7
E02006796  Hillingdon 033,8438,19.6
E02000526  Hounslow 001,8378,90.7
E02000528  Hounslow 003,10614,45.7
E02000529  Hounslow 004,8448,71.5
E02000530  Hounslow 005,6837,25.1
E02000531  Hounslow 006,10337,40.4
E02000532  Hounslow 007,9160,40
E02000533  Hounslow 008,8406,79
E02000534  Hounslow 009,8044,16.5
E02000535  Hounslow 010,9291,60
E02000536  Hounslow 011,9269,57.7
E02000537  Hounslow 012,8620,45.7
E02000538  Hounslow 013,8680,36.8
E02000539  Hounslow 014,10752,65.3
E02000540  Hounslow 015,9246,73.7
E02000541  Hounslow 016,8875,84.2
E02000542  Hounslow 017,9396,89.8
E02000543  Hounslow 018,11713,102.3
E02000544  Hounslow 019,8199,59.2
E02000545  Hounslow 020,8181,62.2
E02000546  Hounslow 021,9750,39.6
E02000547  Hounslow 022,9360,28.7
E02000548  Hounslow 023,9103,25.8
E02000549  Hounslow 024,11017,44.9
E02000550  Hounslow 025,10403,110.1
E02000551  Hounslow 026,8614,40.5
E02000552  Hounslow 027,8266,27
E02000553  Hounslow 028,6605,26.2
E02006792  Hounslow 029,8393,57.9
E02000598  Kingston upon Thames 001,7837,58.9
E02000599  Kingston upon Thames 002,7270,17.5
E02000600  Kingston upon Thames 003,8225,74.4
E02000601  Kingston upon Thames 004,10409,97.2
E02000602  Kingston upon Thames 005,9390,87.1
E02000603  Kingston upon Thames 006,7860,59.4
E02000604  Kingston upon Thames 007,8586,56
E02000605  Kingston upon Thames 008,7863,54.7
E02000606  Kingston upon Thames 009,10107,67.5
E02000607  Kingston upon Thames 010,6829,47.4
E02000608  Kingston upon Thames 011,6993,85.2
E02000609  Kingston upon Thames 012,7437,50.4
E02000610  Kingston upon Thames 013,7629,68.6
E02000611  Kingston upon Thames 014,7313,40.6
E02000612  Kingston upon Thames 015,8028,42.5
E02000613  Kingston upon Thames 016,7841,65.2
E02000614  Kingston upon Thames 017,8404,28.5
E02000615  Kingston upon Thames 018,7471,45.7
E02000616  Kingston upon Thames 019,6031,46
E02000617  Kingston upon Thames 020,8537,12.1
E02000689  Merton 001,8258,42.4
E02000690  Merton 002,5656,10.5
E02000691  Merton 003,7334,79
E02000692  Merton 004,7662,67
E02000693  Merton 005,9173,87.6
E02000694  Merton 006,8730,112.8
E02000695  Merton 007,8287,102.8
E02000696  Merton 008,8072,108.9
E02000697  Merton 009,8217,70.9
E02000698  Merton 010,7816,44.5
E02000699  Merton 011,7689,82.6
E02000700  Merton 012,8290,89.9
E02000701  Merton 013,8416,88
E02000702  Merton 014,7638,49
E02000703  Merton 015,7825,53.1
E02000704  Merton 016,7742,46.3
E02000705  Merton 017,8124,65.4
E02000706  Merton 018,8605,95.1
E02000707  Merton 019,7486,64.6
E02000708  Merton 020,8286,50.3
E02000709  Merton 021,7701,44.9
E02000710  Merton 022,8329,25.8
E02000711  Merton 023,8158,61.3
E02000712  Merton 024,8709,53.4
E02000713  Merton 025,7490,48.8
E02000751  Redbridge 001,10422,33.9
E02000752  Redbridge 002,6815,14
E02000753  Redbridge 003,6138,81
E02000754  Redbridge 004,6440,52.2
E02000755  Redbridge 005,5218,38.8
E02000756  Redbridge 006,12630,35.1
E02000757  Redbridge 007,11516,77.2
E02000758  Redbridge 008,5953,51.9
E02000759  Redbridge 009,12044,51.4
E02000760  Redbridge 010,6957,67
E02000762  Redbridge 012,6290,78.7
E02000763  Redbridge 013,6928,9
E02000764  Redbridge 014,11865,59.8
E02000765  Redbridge 015,6319,86.9
E02000767  Redbridge 017,7616,86.8
E02000768  Redbridge 018,5660,33.3
E02000769  Redbridge 019,14257,94.1
E02000770  Redbridge 020,7562,64.9
E02000772  Redbridge 022,7946,56.6
E02000773  Redbridge 023,9198,96.6
E02000774  Redbridge 024,7218,106.3
E02000776  Redbridge 026,6372,106.1
E02000777  Redbridge 027,5883,16.8
E02000779  Redbridge 029,7751,85.9
E02000780  Redbridge 030,14666,115.4
E02000781  Redbridge 031,13672,72.6
E02000782  Redbridge 032,9289,133.1
E02000783  Redbridge 033,7255,128.1
E02006800  Redbridge 034,13069,79.4
E02006924  Redbridge 035,12780,53.1
E02006925  Redbridge 036,13241,53.1
E02000784  Richmond upon Thames 001,10299,38.9
E02000785  Richmond upon Thames 002,9695,23.9
E02000786  Richmond upon Thames 003,10919,59.2
E02000787  Richmond upon Thames 004,10768,61.2
E02000788  Richmond upon Thames 005,8692,80.1
E02000789  Richmond upon Thames 006,6196,33.8
E02000790  Richmond upon Thames 007,6193,77.6
E02000791  Richmond upon Thames 008,6137,54.9
E02000792  Richmond upon Thames 009,6989,56.1
E02000793  Richmond upon Thames 010,8122,61.2
E02000794  Richmond upon Thames 011,6609,45.1
E02000795  Richmond upon Thames 012,6898,5.7
E02000796  Richmond upon Thames 013,10313,53.9
E02000797  Richmond upon Thames 014,6979,76.4
E02000798  Richmond upon Thames 015,10528,42.9
E02000799  Richmond upon Thames 016,6415,50
E02000800  Richmond upon Thames 017,5184,28.3
E02000801  Richmond upon Thames 018,6608,66.9
E02000802  Richmond upon Thames 019,6747,46.5
E02000803  Richmond upon Thames 020,9387,48.1
E02000804  Richmond upon Thames 021,7106,19
E02000805  Richmond upon Thames 022,10221,37.3
E02000806  Richmond upon Thames 023,9985,14.5
E02000840  Sutton 001,8171,59.8
E02000841  Sutton 002,8721,75.5
E02000842  Sutton 003,7666,47.4
E02000843  Sutton 004,7495,58.6
E02000844  Sutton 005,7779,76.9
E02000845  Sutton 006,8867,58.9
E02000846  Sutton 007,7053,51.6
E02000847  Sutton 008,8798,57.1
E02000848  Sutton 009,7889,68.6
E02000849  Sutton 010,7485,62.7
E02000850  Sutton 011,10309,20.7
E02000851  Sutton 012,8330,73
E02000852  Sutton 013,7434,78.4
E02000853  Sutton 014,7592,60.9
E02000854  Sutton 015,7101,43.6
E02000855  Sutton 016,7787,41.8
E02000856  Sutton 017,8176,65.3
E02000857  Sutton 018,7905,77.5
E02000858  Sutton 019,7691,50.2
E02000859  Sutton 020,8165,47.7
E02000860  Sutton 021,7598,86.5
E02000861  Sutton 022,7497,29.3
E02000863  Sutton 024,6367,9.7
E02006836  Sutton 025,8270,24.8
E02000895  Waltham Forest 001,7979,36.4
E02000896  Waltham Forest 002,8814,31.3
E02000897  Waltham Forest 003,8077,42.9
E02000898  Waltham Forest 004,7750,50.6
E02000899  Waltham Forest 005,7920,65.8
E02000900  Waltham Forest 006,8088,52.1
E02000901  Waltham Forest 007,9371,54.5
E02000902  Waltham Forest 008,8231,67.7
E02000903  Waltham Forest 009,9043,46
E02000904  Waltham Forest 010,8228,56.4
E02000905  Waltham Forest 011,9589,91.4
E02000906  Waltham Forest 012,9248,149.6
E02000907  Waltham Forest 013,9998,111.9
E02000908  Waltham Forest 014,10516,44.6
E02000909  Waltham Forest 015,8640,62.1
E02000910  Waltham Forest 016,10698,135.3
E02000911  Waltham Forest 017,10872,122.1
E02000912  Waltham Forest 018,9238,37
E02000913  Waltham Forest 019,8706,82.4
E02000914  Waltham Forest 020,10594,151.4
E02000915  Waltham Forest 021,8643,57.9
E02000916  Waltham Forest 022,9485,42.7
E02000917  Waltham Forest 023,9171,135.1
E02000918  Waltham Forest 024,9126,109.6
E02000919  Waltham Forest 025,9221,164
E02000920  Waltham Forest 026,9479,54.3
E02000921  Waltham Forest 027,11001,131
E02000922  Waltham Forest 028,10523,161.2